{"cameraMode":{"drawMode":0,"name":"Shaded","section":"Shading Mode"},"sceneLighting":true,"audioPlay":false,"sceneViewState":{"m_AlwaysRefresh":false,"showFog":true,"showSkybox":true,"showFlares":true,"showImageEffects":true,"showParticleSystems":true,"showVisualEffectGraphs":true,"m_FxEnabled":true},"in2DMode":false,"pivot":{"x":-4.331580638885498,"y":0.058306992053985599,"z":-14.57495403289795},"rotation":{"x":0.017467105761170389,"y":-0.9575130343437195,"z":0.2817838490009308,"w":0.05985526740550995},"size":17.968774795532228,"orthographic":false}