{"cameraMode":{"drawMode":0,"name":"Shaded","section":"Shading Mode"},"sceneLighting":true,"audioPlay":false,"sceneViewState":{"m_AlwaysRefresh":false,"showFog":true,"showSkybox":true,"showFlares":true,"showImageEffects":true,"showParticleSystems":true,"showVisualEffectGraphs":true,"m_FxEnabled":true},"in2DMode":false,"pivot":{"x":-27.032634735107423,"y":-1.2218711376190186,"z":-4.903108596801758},"rotation":{"x":-0.025781717151403428,"y":-0.8449540734291077,"z":0.5326910614967346,"w":-0.04082917422056198},"size":11.130671501159668,"orthographic":true}