{"cameraMode":{"drawMode":0,"name":"Shaded","section":"Shading Mode"},"sceneLighting":false,"audioPlay":false,"sceneViewState":{"m_AlwaysRefresh":false,"showFog":true,"showSkybox":false,"showFlares":true,"showImageEffects":true,"showParticleSystems":true,"showVisualEffectGraphs":true,"m_FxEnabled":true},"in2DMode":false,"pivot":{"x":-27.371448516845704,"y":21.106651306152345,"z":4.213986396789551},"rotation":{"x":0.39347025752067568,"y":0.00414420198649168,"z":-0.0017531259218230844,"w":0.919348418712616},"size":1.8223555088043213,"orthographic":false}